5438078953,https://t.me/VipAirdropBeFarsibot?start=7316749564,1
5438078953,https://t.me/VipAirdropBeFarsibot?start=6960852878,1
5438078953,https://t.me/VipAirdropBeFarsibot?start=6900763125,1
5438078953,https://t.me/VipAirdropBeFarsibot?start=7402040537,1
5438078953,https://t.me/VipAirdropBeFarsibot?start=6832809411,1
5438078953,https://t.me/VipAirdropBeFarsibot?start=6900763125,1
5438078953,https://t.me/VipAirdropBeFarsibot?start=607744841,1
323778469,https://t.me/VipAirdropBeFarsibot?start=323778469,1
323778469,https://t.me/VipAirdropBeFarsibot?start=323778469,1
104161011,https://t.me/VipAirdropBeFarsibot?start=104161011,1
